{
  "auc": 0.9559561233017555,
  "pr_auc": 0.9861211682045335,
  "f1@0.5": 0.9326876513317192,
  "ks": 0.7788172356346803,
  "gini": 0.911912246603511,
  "acc@0.5": 89.575,
  "brier": 0.0721730053271903
}