{
  "auc": 0.9559561233017555,
  "pr_auc": 0.9861211682045335,
  "f1@0.5": 0.9326876513317192,
  "ks": 0.7788172356346803,
  "gini": 0.911912246603511,
  "acc@0.5": 89.575,
  "brier": 0.0721730053271903,
  "calib_slope": 1.0996079307241229,
  "calib_citl": -0.17875419189479194,
  "best_tau": 0.97,
  "best_EV_sum": 66.12724430485318,
  "approval_rate_at_best": 0.526,
  "break_even_tau": 0.5800000000000001,
  "roi_at_best": 0.0
}