tau,approved,approval_rate,EL_sum,Revenue_sum,EV_sum,EAD_sum,ROI
0.1,266,0.0665,-1.5939848982647395,-10.816120732785016,-9.222135834520277,-108.16120732785018,0.0
0.2,435,0.10875,-6.397116908573001,-18.081849144855113,-11.684732236282112,-180.81849144855116,0.0
0.3,589,0.14725,-13.17306045188855,-24.29783058369594,-11.124770131807393,-242.9783058369594,0.0
0.5,849,0.21225,-28.272189871525818,-32.889365886395225,-4.617176014869413,-328.8936588639523,0.0
0.6,974,0.2435,-38.80485081764691,-37.1165490003968,1.6883018172501023,-371.165490003968,0.0
0.97,2104,0.526,-127.42077415339358,-61.2935298485404,66.12724430485318,-612.935298485404,0.0
